{
  "accuracy_by_snr": {
    "0": 0.4725,
    "2": 0.700625,
    "4": 0.843125,
    "6": 0.8975,
    "8": 0.9325,
    "10": 0.94125
  },
  "snrs": [
    0,
    2,
    4,
    6,
    8,
    10
  ],
  "classes": [
    "16QAM",
    "32QAM",
    "4ASK",
    "64QAM",
    "8PSK",
    "BPSK",
    "OQPSK",
    "QPSK"
  ]
}