{
  "accuracy_by_snr": {
    "0": 0.42120361328125,
    "2": 0.660858154296875,
    "4": 0.80133056640625,
    "6": 0.852081298828125,
    "8": 0.872833251953125,
    "10": 0.8739013671875
  },
  "snrs": [
    0,
    2,
    4,
    6,
    8,
    10
  ],
  "classes": [
    "16QAM",
    "32QAM",
    "4ASK",
    "64QAM",
    "8PSK",
    "BPSK",
    "OQPSK",
    "QPSK"
  ]
}